{"mean": 1.6558540293968576, "std": 1.4623722622960704}